<div class="container-fluid before_toc_or_tiles">

  <div class="row">

    <div class="col-md-8 col-sm-12">
      <h2>Welcome to the NHS Data Model and Dictionary for England.</h2>
      <h3>
        <a href="whats_new.html">What's new - August 2020</a>
      </h3>
      <p>The NHS Data Model and Dictionary provides a reference point for approved Information
        Standards Notices to support health care activities within the NHS in England. It has been
        developed for everyone who is actively involved in the collection of data and the management
        of information in the NHS.</p>

      <p>The NHS Data Model and Dictionary is maintained and published by the <a
          href="https://digital.nhs.uk/services/nhs-data-model-and-dictionary-service">NHS Data
          Model and Dictionary Service</a>.</p>
    </div>
    <div class="col-md-4 col-sm-hidden align-self-center">
      <div class="my-auto">
        <img class="card card-block mx-auto"
          src="oxygen-webhelp/template/resources/images/4pics.gif" alt="NHS Data Dictionary images"
        />
      </div>
    </div>
  </div>
</div>
