<div xmlns:whc="http://www.oxygenxml.com/webhelp/components">
  <img class="ISOcert" alt="ISO 9001 CERTIFICATION EUROPE"
    onerror="this.src='/oxygen-webhelp/template/resources/images/iso-9001-certification-europe-v1.png'; 
    this.onerror=null;"
    src="oxygen-webhelp/template/resources/images/iso-9001-certification-europe-v1.svg"
    id="iso-9001"/>
  <div class="footer-container">

    <footer class="wh_footer">
<!--      <div class="container">-->
        <div class="navbar navbar-expand-lg">
          <ul class="navbar-nav">
            <li class="navbar-text"> Page last Published - <whc:macro
                value="${timestamp([D01]/[M01]/[Y0001])}"/>
            </li>
            <li class="nav-item active nav-link ">
              <a
                href="https://datadictionary.nhs.uk/web_site_content/pages/website_information/privacy_notice.asp"
                title="What to expect when we collect personal information on this website"
                >Privacy Notice</a>
            </li>
            <li class="nav-item active nav-link ">
              <a
                href="https://datadictionary.nhs.uk/web_site_content/pages/website_information/cookies.asp"
                title="Your choices about how we use cookies on this website to help improve our service"
                >Cookies</a>
            </li>
            <li class="nav-item active nav-link ">
              <a
                href="https://datadictionary.nhs.uk/web_site_content/pages/website_information/terms_and_conditions.asp"
                title="Use of this website is governed by these terms and conditions"
                >Terms and Conditions</a>
            </li>
            <li class="nav-item active nav-link ">
              <a
                href="https://datadictionary.nhs.uk/web_site_content/pages/website_information/accessibility.asp"
                >Accessibility</a>
            </li>
            <li class="nav-item active nav-link ">
              <a
                href="https://datadictionary.nhs.uk/web_site_content/pages/website_information/copyright_statement.asp"
                title="This website is copyright NHS Digital"
                >Copyright Statement</a> </li>
            <li class="navbar-text">© Health and Social Care Information Centre, also known as NHS Digital</li>
            
          </ul>
        </div>
      <!--</div>-->
    </footer>
  </div>

</div>
